Shopping,Community,Food,Entertainment,Travel,Outdoors,Nightlife,accuracy,macro avg,weighted avg
0.46500880785157056,0.3807104552235797,0.5032958134261883,0.22960646338285118,0.15634110787172012,0.20539110302629404,0.20725806451612902,0.4222145743311282,0.3068016878997618,0.3962653552096034
0.4669603524229075,0.378409464344397,0.49867197875166,0.23105149943059597,0.17434322756738316,0.20314933379477418,0.19717552118359113,0.41989480554382463,0.3071087682136155,0.3948947280352677
0.47178592204770214,0.38542241855328546,0.49190249180106166,0.22662889518413598,0.16751895609239992,0.19166381961052273,0.19195740507215917,0.4186724924500418,0.30383998690875247,0.3924354857923149
0.44931723337531176,0.37402532070093064,0.505747839712065,0.24771573604060915,0.15081967213114755,0.18812589413447783,0.20312928904748834,0.4193914535206181,0.30269728359171866,0.3910357156078957
0.4644428672817601,0.38173148072021706,0.5042368785642942,0.23675454312771949,0.16953544327225614,0.17688266199649738,0.17795753286147623,0.42212011390111315,0.3016487725463173,0.3937374609566622
