Shopping,Community,Food,Entertainment,Travel,Outdoors,Nightlife,macro avg,weighted avg
0.4269988655938826,0.3991713875031707,0.42857536891463244,0.4952220348510399,0.3907103825136612,0.3777372262773723,0.3762811127379209,0.4135280540559543,0.41975506494111847
0.42367310501541955,0.3995142683667274,0.4281031779962947,0.4629817444219067,0.3372937293729373,0.3985064494229464,0.38117524700988037,0.4044639602294446,0.41493090279475703
0.4233286488656896,0.3925443882059934,0.4247015208570511,0.48034934497816595,0.36231884057971014,0.39285714285714285,0.41896024464831805,0.41358001871315303,0.41754961066792545
0.4379512852604217,0.40769511972217143,0.4119698731233888,0.49795918367346936,0.3499577345731192,0.43399339933993397,0.39112050739957716,0.4186638718702974,0.4207821598741127
0.4355697550585729,0.40143524122427804,0.42046156739475027,0.49097664543524416,0.3813488759367194,0.404971932638332,0.3838006230529595,0.41693780582012235,0.42104503613366556
