Shopping,Community,Food,Entertainment,Travel,Outdoors,Nightlife,macro avg,weighted avg
0.5104470115519839,0.36388160937259134,0.6095723813260102,0.14944868532654793,0.09772209567198177,0.1410401998637293,0.14301613800779076,0.28787544587437647,0.4222145743311282
0.5200996264009963,0.3594225516972298,0.5970979924468297,0.1539369414938459,0.11755233494363929,0.13632141198327916,0.13298258345428157,0.28820192034572883,0.41989480554382463
0.532770731214311,0.378554272875184,0.5843675944892959,0.1482979440512302,0.10894495412844037,0.12675101671938546,0.12450018175209016,0.2863123850328481,0.4186724924500418
0.4612888505805405,0.3454925650557621,0.6548025549351223,0.16486486486486487,0.09612259113071743,0.12009132420091324,0.13718946978123842,0.2828360315070227,0.4193914535206181
0.49741562785041044,0.363871473354232,0.6297026515913572,0.15598650927487354,0.10899571632555925,0.11315258794532826,0.11583301993230538,0.28356536946772376,0.42212011390111315
