Shopping,Community,Food,Entertainment,Travel,Outdoors,Nightlife,accuracy,macro avg,weighted avg
0.4343920123037863,0.3560510092053036,0.4953178978316795,0.2127885380737596,0.058591315188032414,0.15837937384898712,0.11309062742060419,0.4040380864976483,0.26123011055316464,0.3659824893277421
0.44601913487462125,0.36609829488465395,0.49342281082044126,0.194765510827687,0.0,0.15284924718886983,0.06671136439825678,0.40538257764809765,0.2456951947135043,0.361378415062778
0.46091197923658656,0.3739458241032218,0.4807818015426853,0.19535126664925567,0.0696454793371093,0.12682926829268293,0.1135695497447006,0.4038681488144959,0.2601478812723203,0.36710923513701166
0.3903178735944608,0.3600034749370168,0.5012486427795874,0.21495947920818387,0.06439232409381664,0.13986013986013987,0.07781456953642384,0.39966980097769866,0.24979950057280417,0.35349873997412556
0.37435729782744376,0.3625786029002866,0.49279476572849923,0.21201320132013202,0.06984815618221259,0.13860640301318267,0.0859465737514518,0.3928811804297178,0.2480207143890298,0.34801841435346775
