Shopping,Community,Food,Entertainment,Travel,Outdoors,Nightlife,macro avg,weighted avg
0.42260010449817126,0.3937243182667165,0.39607382155871634,0.4881314668289714,0.3333333333333333,0.4186952288218111,0.3430451127819549,0.39937191229852503,0.4034493100720523
0.42801538602436123,0.3941329973904436,0.39377710372283703,0.4592731829573935,0.0,0.4261424017003188,0.43832599118942733,0.3628095804263974,0.39062281738682053
0.4135715719734993,0.37515595757953835,0.40528998484639756,0.43387470997679817,0.40786240786240785,0.46494992846924177,0.38189386056191466,0.4117997744671139,0.406460856730481
0.44792487522983976,0.409891196834817,0.37850246992026565,0.5034225264467953,0.39425587467362927,0.46875,0.3637770897832817,0.42378914755551833,0.4158786965198807
0.45267016459426435,0.3991711406235283,0.3710632926854095,0.48814589665653496,0.3946078431372549,0.4344746162927981,0.36530324400564174,0.4150623139993474,0.41008339352501516
