Shopping,Community,Food,Entertainment,Travel,Outdoors,Nightlife,macro avg,weighted avg
0.44686087393269713,0.3249576075227378,0.6609258532757945,0.13604749787955894,0.03211845102505695,0.09766068589598001,0.06770543498423298,0.2523252006451512,0.4040380864976483
0.46560398505603984,0.34178696839641043,0.6605843768634466,0.12358792783678975,0.0,0.09312587087784487,0.03610304789550073,0.24582745384657603,0.40538257764809765
0.5204911819697812,0.37274347253428375,0.5908342370566735,0.12605325244354568,0.038073394495412846,0.07342973339358337,0.06670301708469648,0.25547546985399666,0.4038681488144959
0.34583988237083607,0.32094175960346966,0.7418149680633109,0.1366554054054054,0.0350592059438124,0.0821917808219178,0.0435669262143122,0.2437242754890092,0.39966980097769866
0.3191446234924496,0.3321316614420063,0.7333923470003622,0.1354131534569983,0.038315088053307945,0.0824557472552095,0.04870251974426476,0.24136502006351404,0.3928811804297178
